scenarioName,scenarioLoop,stepName,stepLoop,correlationId,requestTimeStamp,responseDelayMilliSec,responseTimeStamp,result,method
"GIVEN- the GitHub REST end point, WHEN- I invoke GET, THEN- I will receive the 200 status with body",0,get_user_details,,"046c257b-4fa2-4a1d-9375-b21e22df710f","2020-07-22T05:33:03.403860400",980.0,"2020-07-22T05:33:04.383965700",PASSED,GET
"GIVEN- the GitHub REST end point, WHEN- I invoke GET, THEN- I will receive the 200 status with body",0,get_user_details,,"0a471986-1659-4e27-a596-85cc989f96d9","2020-07-22T21:07:12.101700800",1005.0,"2020-07-22T21:07:13.107356400",FAILED,POST
"GIVEN- the GitHub REST end point, WHEN- I invoke GET, THEN- I will receive the 200 status with body",0,get_user_details,,"0c1cc402-fb27-4cfa-9621-64675596cd05","2020-07-22T21:11:42.250014400",924.0,"2020-07-22T21:11:43.174513600",FAILED,POST
"GIVEN- the GitHub REST end point, WHEN- I invoke GET, THEN- I will receive the 200 status with body",0,get_user_details,,"0d967420-d3e8-447c-ad5d-5c6c93278ce1","2020-07-22T20:12:25.779933600",955.0,"2020-07-22T20:12:26.735618700",PASSED,POST
"GIVEN- the GitHub REST end point, WHEN- I invoke GET, THEN- I will receive the 200 status with body",0,get_user_details,,"141fd8c1-d16d-445f-9bf7-1f79141d6722","2020-07-22T05:58:05.035446500",710.0,"2020-07-22T05:58:05.746415500",PASSED,GET
"GIVEN- the GitHub REST end point, WHEN- I invoke GET, THEN- I will receive the 200 status with body",0,get_user_details,,"330e91ac-bac1-42f1-88f3-3608b9409d92","2020-07-22T05:33:40.658178300",833.0,"2020-07-22T05:33:41.491536900",FAILED,GET
"GIVEN- the GitHub REST end point, WHEN- I invoke GET, THEN- I will receive the 200 status with body",0,get_user_details,,"3425083e-bd42-4a3e-812b-d9fa55ab83dc","2020-07-22T05:54:03.030785400",853.0,"2020-07-22T05:54:03.884465300",PASSED,GET
"GIVEN- the GitHub REST end point, WHEN- I invoke GET, THEN- I will receive the 200 status with body",0,get_user_details,,"387e2610-9a2e-4ae9-9bb8-13b87fe30a9f","2020-07-22T05:35:42.482356800",698.0,"2020-07-22T05:35:43.181141500",FAILED,GET
"GIVEN- the GitHub REST end point, WHEN- I invoke GET, THEN- I will receive the 200 status with body",0,get_user_details,,"44a99e44-a757-488a-8d98-b66cb71822d4","2020-07-22T06:53:31.309458",852.0,"2020-07-22T06:53:32.161859800",FAILED,GET
"GIVEN- the GitHub REST end point, WHEN- I invoke GET, THEN- I will receive the 200 status with body",0,get_user_details,,"4d7ee22f-0cc7-4d23-ae5b-860345504b10","2020-07-22T06:52:52.794495",661.0,"2020-07-22T06:52:53.455663200",FAILED,GET
"GIVEN- the GitHub REST end point, WHEN- I invoke GET, THEN- I will receive the 200 status with body",0,get_user_details,,"605a13cb-e182-4c2e-97d3-8079223323ef","2020-07-22T05:59:05.134720300",794.0,"2020-07-22T05:59:05.928878800",PASSED,GET
"GIVEN- the GitHub REST end point, WHEN- I invoke GET, THEN- I will receive the 200 status with body",0,get_user_details,,"7e3f16bb-700d-43c4-b210-f673e5f99b6c","2020-07-22T05:41:26.219436",625.0,"2020-07-22T05:41:26.844947200",PASSED,GET
"GIVEN- the GitHub REST end point, WHEN- I invoke GET, THEN- I will receive the 200 status with body",0,get_user_details,,"85dd71bd-f96b-4f40-b4fd-60036425a025","2020-07-21T15:13:36.602482800",1183.0,"2020-07-21T15:13:37.786100400",PASSED,GET
"GIVEN- the GitHub REST end point, WHEN- I invoke GET, THEN- I will receive the 200 status with body",0,get_user_details,,"8a773cab-6888-4f91-a76d-57cf83bdaff8","2020-07-22T06:55:53.871401800",895.0,"2020-07-22T06:55:54.766493400",FAILED,POST
"GIVEN- the GitHub REST end point, WHEN- I invoke GET, THEN- I will receive the 200 status with body",0,get_user_details,,"96003426-7655-4ef2-b5f4-c45bf9575f39","2020-07-22T06:54:03.321464700",768.0,"2020-07-22T06:54:04.090057800",FAILED,POST
"GIVEN- the GitHub REST end point, WHEN- I invoke GET, THEN- I will receive the 200 status with body",0,get_user_details,,"bfef6e92-4713-4c84-9c5b-0ab1236bf1d8","2020-07-22T21:43:56.407084",1035.0,"2020-07-22T21:43:57.442383700",FAILED,POST
"GIVEN- the GitHub REST end point, WHEN- I invoke GET, THEN- I will receive the 200 status with body",0,get_user_details,,"c2957375-f5c3-42ec-8974-702d096cd94d","2020-07-22T21:44:34.142767",867.0,"2020-07-22T21:44:35.010130500",PASSED,POST
"GIVEN- the GitHub REST end point, WHEN- I invoke GET, THEN- I will receive the 200 status with body",0,get_user_details,,"c410e098-2ebc-4b9b-85b7-1d79df7641d4","2020-07-22T06:51:05.565592100",688.0,"2020-07-22T06:51:06.253811100",PASSED,GET
"GIVEN- the GitHub REST end point, WHEN- I invoke GET, THEN- I will receive the 200 status with body",0,get_user_details,,"cf0e4a1c-9707-48a5-8bf5-022d82416cb9","2020-07-22T06:57:00.393506800",711.0,"2020-07-22T06:57:01.104999",PASSED,POST
"GIVEN- the GitHub REST end point, WHEN- I invoke GET, THEN- I will receive the 200 status with body",0,get_user_details,,"d9ab0f52-123e-46e8-8139-dddba3e4b23f","2020-07-22T05:58:41.292801700",627.0,"2020-07-22T05:58:41.920005700",FAILED,GET
"GIVEN- the GitHub REST end point, WHEN- I invoke GET, THEN- I will receive the 200 status with body",0,get_user_details,,"db2485d6-d9aa-4137-b732-3e703dfe04f6","2020-07-22T06:55:28.805649",850.0,"2020-07-22T06:55:29.656038200",FAILED,POST
"GIVEN- the GitHub REST end point, WHEN- I invoke GET, THEN- I will receive the 200 status with body",0,get_user_details,,"f3f34405-385e-4e86-9ddf-4c30edb7565b","2020-07-22T05:46:37.841358100",629.0,"2020-07-22T05:46:38.470366",PASSED,GET
"GIVEN- the GitHub REST end point, WHEN- I invoke GET, THEN- I will receive the 200 status with body",0,get_user_details,,"f658419e-805f-4ea0-bae4-ac0dfa2e0a72","2020-07-22T20:12:56.391303800",825.0,"2020-07-22T20:12:57.217030500",FAILED,POST
"GIVEN- the GitHub REST end point, WHEN- I invoke GET, THEN- I will receive the 200 status with body",0,get_user_details,,"f8f28fa2-c3f1-4363-99ac-5f853d795a85","2020-07-22T05:39:27.428259300",866.0,"2020-07-22T05:39:28.294453300",FAILED,GET
SchemaCreateUserTest,0,SchemaCreateUserTest,,"00826191-ebab-4549-8127-266f089e2dca","2020-07-23T13:21:26.232451200",126.0,"2020-07-23T13:21:26.359214700",PASSED,GET
SchemaCreateUserTest,0,SchemaCreateUserTest,,"0196ea65-481c-4e09-8e70-4b2597de488e","2020-07-23T13:17:47.935064100",89.0,"2020-07-23T13:17:48.024824100",PASSED,GET
SchemaCreateUserTest,0,SchemaCreateUserTest,,"0239439c-5719-457c-b358-14f41303708c","2020-07-27T18:10:54.842181",81.0,"2020-07-27T18:10:54.924171800",PASSED,GET
SchemaCreateUserTest,0,SchemaCreateUserTest,,"090d8648-3041-4d4a-9f54-8635f579ba1a","2020-07-23T13:15:10.180896400",733.0,"2020-07-23T13:15:10.914413100",PASSED,GET
SchemaCreateUserTest,0,SchemaCreateUserTest,,"0ac1f200-5f26-43cf-8e5a-c2b6437a09d7","2020-07-23T12:52:52.041739800",975.0,"2020-07-23T12:52:53.016885",PASSED,POST
SchemaCreateUserTest,0,SchemaCreateUserTest,,"0b41a9fa-0335-47e3-8b4e-26856900e30c","2020-07-23T13:21:26.506069900",84.0,"2020-07-23T13:21:26.590838200",PASSED,GET
SchemaCreateUserTest,0,SchemaCreateUserTest,,"10932a57-4454-44a4-ba59-83a10909a679","2020-07-23T12:58:24.267410800",244.0,"2020-07-23T12:58:24.511499100",PASSED,POST
SchemaCreateUserTest,0,SchemaCreateUserTest,,"138aaafa-8fc4-4bdd-b6b5-21c3fad34ae3","2020-07-23T13:17:48.140510300",76.0,"2020-07-23T13:17:48.217307200",PASSED,GET
SchemaCreateUserTest,0,SchemaCreateUserTest,,"144c0f22-b71f-4bc2-90f9-d9aac9530f2b","2020-07-23T13:18:03.540266800",82.0,"2020-07-23T13:18:03.623040900",PASSED,GET
SchemaCreateUserTest,0,SchemaCreateUserTest,,"146fb8d2-f33d-41e3-b1df-e9459cd6c656","2020-07-23T13:15:57.840069100",119.0,"2020-07-23T13:15:57.959842800",PASSED,GET
SchemaCreateUserTest,0,SchemaCreateUserTest,,"20266523-f754-4064-bc99-497c2d087eec","2020-07-23T13:06:44.379346100",205.0,"2020-07-23T13:06:44.585319500",PASSED,POST
SchemaCreateUserTest,0,SchemaCreateUserTest,,"220b125b-fd78-4b31-a072-4785f110246d","2020-07-23T14:44:38.488548900",104.0,"2020-07-23T14:44:38.592737900",PASSED,GET
SchemaCreateUserTest,0,SchemaCreateUserTest,,"27ef8a35-9382-4fef-a880-9b4fb1121bcb","2020-07-23T12:29:06.968910700",833.0,"2020-07-23T12:29:07.802257400",PASSED,POST
SchemaCreateUserTest,0,SchemaCreateUserTest,,"28296668-8746-4488-b716-af4d7a8eadc3","2020-07-23T14:47:10.539513300",83.0,"2020-07-23T14:47:10.623289",PASSED,GET
SchemaCreateUserTest,0,SchemaCreateUserTest,,"2c732e07-0505-43ff-b7bb-4012e29cd971","2020-07-23T13:03:25.438706500",313.0,"2020-07-23T13:03:25.752389100",FAILED,POST
SchemaCreateUserTest,0,SchemaCreateUserTest,,"2e1c1d60-8fb9-47a4-8598-08f09961e351","2020-07-23T14:44:38.156786500",200.0,"2020-07-23T14:44:38.357250800",PASSED,GET
SchemaCreateUserTest,0,SchemaCreateUserTest,,"2e2ba4a6-f051-4d10-9c73-1c80cbda648b","2020-07-23T13:21:08.139619100",86.0,"2020-07-23T13:21:08.226385600",PASSED,GET
SchemaCreateUserTest,0,SchemaCreateUserTest,,"32255198-7e6a-4b62-b4e9-15195b4d577e","2020-07-23T13:15:58.097692500",104.0,"2020-07-23T13:15:58.202456100",PASSED,GET
SchemaCreateUserTest,0,SchemaCreateUserTest,,"34eca1d3-cce6-4e84-81d5-2aa664314a39","2020-07-23T14:47:11.514134300",172.0,"2020-07-23T14:47:11.686930200",PASSED,POST
SchemaCreateUserTest,0,SchemaCreateUserTest,,"39a8f694-529c-4a67-8655-af8ce47e8d00","2020-07-23T14:51:08.470381600",81.0,"2020-07-23T14:51:08.552269900",PASSED,GET
SchemaCreateUserTest,0,SchemaCreateUserTest,,"3f30b34d-eb7d-48a2-8da6-fb3a13bbc166","2020-07-23T13:18:04.556964300",218.0,"2020-07-23T13:18:04.775857900",PASSED,POST
SchemaCreateUserTest,0,SchemaCreateUserTest,,"3fe52998-5633-4a4c-9a3e-39fde7c4f54f","2020-07-23T12:30:33.854665900",782.0,"2020-07-23T12:30:34.636791600",PASSED,POST
SchemaCreateUserTest,0,SchemaCreateUserTest,,"406382b3-13ee-4cc5-95d0-6739396122c4","2020-07-23T14:44:39.489489100",140.0,"2020-07-23T14:44:39.630110400",PASSED,POST
SchemaCreateUserTest,0,SchemaCreateUserTest,,"4441e903-ce08-4bf5-84be-33c448365179","2020-07-23T13:21:27.242959400",188.0,"2020-07-23T13:21:27.431904900",PASSED,POST
SchemaCreateUserTest,0,SchemaCreateUserTest,,"448e23fc-9226-4889-8794-74f38055dd47","2020-07-23T13:19:10.786121",100.0,"2020-07-23T13:19:10.886854100",PASSED,GET
SchemaCreateUserTest,0,SchemaCreateUserTest,,"571501b1-373d-40ba-a78b-e64595c56599","2020-07-23T13:18:03.741590400",95.0,"2020-07-23T13:18:03.837050100",PASSED,GET
SchemaCreateUserTest,0,SchemaCreateUserTest,,"595034b3-2568-43ef-9198-0bd16f5e59d6","2020-07-23T14:47:10.747225",92.0,"2020-07-23T14:47:10.839232",PASSED,GET
SchemaCreateUserTest,0,SchemaCreateUserTest,,"61c87679-3cd7-42e3-847a-a0a9f3485dd4","2020-07-23T13:21:07.911606700",101.0,"2020-07-23T13:21:08.012871600",PASSED,GET
SchemaCreateUserTest,0,SchemaCreateUserTest,,"6d424557-1071-4c13-9814-437dea4c7951","2020-07-23T14:46:21.273326800",194.0,"2020-07-23T14:46:21.467595400",PASSED,POST
SchemaCreateUserTest,0,SchemaCreateUserTest,,"6ed5e00b-28ab-4c6b-b7eb-6ebd0e726a4b","2020-07-23T14:51:08.682500100",93.0,"2020-07-23T14:51:08.776246700",PASSED,GET
SchemaCreateUserTest,0,SchemaCreateUserTest,,"700475c9-5b97-46ae-8892-3176a1a79a47","2020-07-23T13:12:37.622565700",983.0,"2020-07-23T13:12:38.605851400",PASSED,POST
SchemaCreateUserTest,0,SchemaCreateUserTest,,"709a6899-a8d1-4849-b684-fda61afe4e26","2020-07-23T14:49:39.492877900",80.0,"2020-07-23T14:49:39.573820400",PASSED,GET
SchemaCreateUserTest,0,SchemaCreateUserTest,,"71bc0fbe-8f79-46f5-a810-f51da5e28ad2","2020-07-23T14:46:20.508014200",97.0,"2020-07-23T14:46:20.605796",PASSED,GET
SchemaCreateUserTest,0,SchemaCreateUserTest,,"71fb3c80-e82e-4b1d-a9d1-e9679ac5ce75","2020-07-23T13:21:08.940571300",148.0,"2020-07-23T13:21:09.088759700",PASSED,POST
SchemaCreateUserTest,0,SchemaCreateUserTest,,"76abf264-7ba5-42ab-9bbf-079104a16b56","2020-07-23T13:19:47.003180900",73.0,"2020-07-23T13:19:47.076982400",PASSED,GET
SchemaCreateUserTest,0,SchemaCreateUserTest,,"7968c373-d83f-4836-b6b3-eecf2253a14b","2020-07-23T14:48:22.197864700",90.0,"2020-07-23T14:48:22.288619800",PASSED,GET
SchemaCreateUserTest,0,SchemaCreateUserTest,,"7b09c0e8-31ff-4f44-8be7-2ef17a1d1808","2020-07-23T14:48:23.235937",174.0,"2020-07-23T14:48:23.410653900",PASSED,POST
SchemaCreateUserTest,0,SchemaCreateUserTest,,"825e8f11-6ef4-45dd-98df-15cd3d3d348e","2020-07-23T14:49:40.270884700",136.0,"2020-07-23T14:49:40.407531300",FAILED,POST
SchemaCreateUserTest,0,SchemaCreateUserTest,,"853edf3e-35c1-483c-bb22-f788641e2d6c","2020-07-23T13:19:47.938093500",158.0,"2020-07-23T13:19:48.096187200",PASSED,POST
SchemaCreateUserTest,0,SchemaCreateUserTest,,"8a97d93a-a6e3-4370-b806-5b4a4f5dfb4a","2020-07-23T12:57:28.671756",1047.0,"2020-07-23T12:57:29.718832900",PASSED,POST
SchemaCreateUserTest,0,SchemaCreateUserTest,,"8c9ce10a-654e-4ffe-b313-0b3f6c4c7e79","2020-07-27T17:42:52.521910",87.0,"2020-07-27T17:42:52.609214800",PASSED,GET
SchemaCreateUserTest,0,SchemaCreateUserTest,,"8f33a276-58c8-4455-a073-b7c69c0ba7dd","2020-07-23T13:17:48.853514",159.0,"2020-07-23T13:17:49.013123",PASSED,POST
SchemaCreateUserTest,0,SchemaCreateUserTest,,"901153e0-23f1-4477-b68c-dc7a585b5685","2020-07-23T14:46:20.294379400",89.0,"2020-07-23T14:46:20.383390300",PASSED,GET
SchemaCreateUserTest,0,SchemaCreateUserTest,,"98a81a41-5e57-4854-8eff-5e75f7bc5b85","2020-07-23T13:19:11.576215200",190.0,"2020-07-23T13:19:11.766458900",PASSED,POST
SchemaCreateUserTest,0,SchemaCreateUserTest,,"9b7a3820-d7fa-406d-88f8-6c9ad119b4f8","2020-07-23T12:53:48.606560200",861.0,"2020-07-23T12:53:49.467789",PASSED,POST
SchemaCreateUserTest,0,SchemaCreateUserTest,,"9c1f8fef-bd13-40c4-8622-ad5d6404e107","2020-07-23T14:51:09.443797600",230.0,"2020-07-23T14:51:09.674321700",PASSED,POST
SchemaCreateUserTest,0,SchemaCreateUserTest,,"a4f77256-e135-471f-986d-b0d22d0efb55","2020-07-27T18:10:55.037541300",74.0,"2020-07-27T18:10:55.112350700",PASSED,GET
SchemaCreateUserTest,0,SchemaCreateUserTest,,"a6a0d9b8-44ad-45e6-9934-a97510f6a9be","2020-07-23T13:06:28.158845400",215.0,"2020-07-23T13:06:28.374171500",PASSED,POST
SchemaCreateUserTest,0,SchemaCreateUserTest,,"aa289027-68b8-410a-8bb7-2fb807edcc1f","2020-07-23T13:15:58.913290300",245.0,"2020-07-23T13:15:59.158372",PASSED,POST
SchemaCreateUserTest,0,SchemaCreateUserTest,,"ab006158-b3be-4b32-bfbb-624be43d66e9","2020-07-23T14:49:39.266201400",100.0,"2020-07-23T14:49:39.366893300",PASSED,GET
SchemaCreateUserTest,0,SchemaCreateUserTest,,"abc2a692-9fa0-4826-beac-6f906c6ee647","2020-07-23T13:19:47.198935600",106.0,"2020-07-23T13:19:47.305459200",PASSED,GET
SchemaCreateUserTest,0,SchemaCreateUserTest,,"bf8d374e-b669-4282-838b-907157be9248","2020-07-23T12:59:40.446876900",287.0,"2020-07-23T12:59:40.734214200",PASSED,POST
SchemaCreateUserTest,0,SchemaCreateUserTest,,"c65e20e0-d871-487b-9197-5f8a4a64e888","2020-07-23T14:48:22.407327700",110.0,"2020-07-23T14:48:22.518063500",PASSED,GET
SchemaCreateUserTest,0,SchemaCreateUserTest,,"c7f19bfc-db05-4b96-a143-afd88a9c4795","2020-07-27T17:42:53.342861",178.0,"2020-07-27T17:42:53.521382600",PASSED,POST
SchemaCreateUserTest,0,SchemaCreateUserTest,,"d963b22b-7eeb-4c12-9637-a9dbb7b4e0fa","2020-07-23T13:05:33.426117",259.0,"2020-07-23T13:05:33.685694800",PASSED,POST
SchemaCreateUserTest,0,SchemaCreateUserTest,,"da15ba52-8d25-4d34-80e9-bc9f22992397","2020-07-27T17:42:52.222448500",174.0,"2020-07-27T17:42:52.396448800",PASSED,GET
SchemaCreateUserTest,0,SchemaCreateUserTest,,"dabeb878-e536-4835-bef6-2f6cdb564cfa","2020-07-23T13:04:13.813490100",243.0,"2020-07-23T13:04:14.056507700",PASSED,POST
SchemaCreateUserTest,0,SchemaCreateUserTest,,"f1a512ee-c4bf-4e78-8031-2c411b70a203","2020-07-23T13:19:10.524292100",136.0,"2020-07-23T13:19:10.660823900",PASSED,GET
SchemaCreateUserTest,0,SchemaCreateUserTest,,"fae1a310-ab89-4a63-b524-f7e37396eca8","2020-07-27T18:10:55.700698600",179.0,"2020-07-27T18:10:55.880107600",PASSED,POST
SchemaListResourcesTest,0,SchemaListResourcesTest,,"0f850612-0d2d-40c1-a45a-01bdef84e79d","2020-07-23T13:19:11.360021700",88.0,"2020-07-23T13:19:11.448780800",PASSED,GET
SchemaListResourcesTest,0,SchemaListResourcesTest,,"1c0240a5-b6c0-48a9-ba16-14b8886a1941","2020-07-23T13:05:33.096480500",145.0,"2020-07-23T13:05:33.242223700",PASSED,GET
SchemaListResourcesTest,0,SchemaListResourcesTest,,"3137921a-d70a-45e2-a6d1-c41f71b7aed6","2020-07-23T13:19:47.739986500",69.0,"2020-07-23T13:19:47.809350600",PASSED,GET
SchemaListResourcesTest,0,SchemaListResourcesTest,,"57226cb4-7c3c-4ce2-864d-46f28c303781","2020-07-23T13:15:58.711402100",75.0,"2020-07-23T13:15:58.787196100",PASSED,GET
SchemaListResourcesTest,0,SchemaListResourcesTest,,"57e1c90a-f775-4450-a951-2334bd2bd624","2020-07-23T13:12:46.319378600",876.0,"2020-07-23T13:12:47.196339600",PASSED,GET
SchemaListResourcesTest,0,SchemaListResourcesTest,,"5c880f9c-a5f9-4430-8312-e3b9ef71fac8","2020-07-23T14:44:39.109618900",232.0,"2020-07-23T14:44:39.342236300",PASSED,GET
SchemaListResourcesTest,0,SchemaListResourcesTest,,"68098294-0c89-4950-b483-0cb73a01459d","2020-07-23T13:06:27.910484800",104.0,"2020-07-23T13:06:28.014570600",PASSED,GET
SchemaListResourcesTest,0,SchemaListResourcesTest,,"6f3cae6e-e0ce-46cf-b0fa-c36b5fc7d1c1","2020-07-23T14:49:40.001396",82.0,"2020-07-23T14:49:40.084383700",PASSED,GET
SchemaListResourcesTest,0,SchemaListResourcesTest,,"79533bf2-0f3c-4ebc-b593-e1aae3b7a9cc","2020-07-27T18:10:55.502428",73.0,"2020-07-27T18:10:55.575539800",PASSED,GET
SchemaListResourcesTest,0,SchemaListResourcesTest,,"9332779a-5d3e-44c9-9491-80efa966a7ee","2020-07-23T13:03:24.390169500",875.0,"2020-07-23T13:03:25.265632100",PASSED,GET
SchemaListResourcesTest,0,SchemaListResourcesTest,,"99be33e5-dec8-4c2b-89a5-6a0d7eb40422","2020-07-23T14:46:21.067875800",82.0,"2020-07-23T14:46:21.150654300",PASSED,GET
SchemaListResourcesTest,0,SchemaListResourcesTest,,"9c1619a3-dea3-436c-86bb-569fc0169098","2020-07-23T14:47:11.296491800",78.0,"2020-07-23T14:47:11.374507400",PASSED,GET
SchemaListResourcesTest,0,SchemaListResourcesTest,,"9cafa3e9-6e06-4e45-ad1f-dae094ea45e3","2020-07-27T17:42:53.024399900",177.0,"2020-07-27T17:42:53.202398400",PASSED,GET
SchemaListResourcesTest,0,SchemaListResourcesTest,,"a69c0508-a34d-4344-b84a-d34375e329df","2020-07-23T13:17:48.675489200",54.0,"2020-07-23T13:17:48.730331300",PASSED,GET
SchemaListResourcesTest,0,SchemaListResourcesTest,,"adc2e81d-6344-4b60-8ad5-fae7f74368f3","2020-07-23T14:48:23.004904",106.0,"2020-07-23T14:48:23.111618",PASSED,GET
SchemaListResourcesTest,0,SchemaListResourcesTest,,"cb6f61f8-61b8-4ad8-8abd-618c27d223a2","2020-07-23T14:51:09.206798700",89.0,"2020-07-23T14:51:09.296723300",PASSED,GET
SchemaListResourcesTest,0,SchemaListResourcesTest,,"d2b04424-8af2-40a2-b4ee-4531b08ccac6","2020-07-23T13:04:12.883820900",764.0,"2020-07-23T13:04:13.648466400",PASSED,GET
SchemaListResourcesTest,0,SchemaListResourcesTest,,"e401a1a6-9df7-4419-8c77-878b4623ff1b","2020-07-23T12:14:40.975760100",646.0,"2020-07-23T12:14:41.622538100",PASSED,GET
SchemaListResourcesTest,0,SchemaListResourcesTest,,"ef0b7c4a-b44f-49f7-94db-c5c7177bc61b","2020-07-23T12:59:39.505966700",773.0,"2020-07-23T12:59:40.279749800",PASSED,GET
SchemaListResourcesTest,0,SchemaListResourcesTest,,"f1486ffe-a509-43c7-a424-0627e61c68f2","2020-07-23T13:06:44.147077100",96.0,"2020-07-23T13:06:44.243819500",PASSED,GET
SchemaListResourcesTest,0,SchemaListResourcesTest,,"f1e3a8a2-34b3-44ec-b9ac-dd70a965efc9","2020-07-23T13:21:08.707928",84.0,"2020-07-23T13:21:08.792699400",PASSED,GET
SchemaListResourcesTest,0,SchemaListResourcesTest,,"f426ee96-853c-43c3-881b-d1e366bb19a9","2020-07-23T13:18:04.324066",103.0,"2020-07-23T13:18:04.427306",PASSED,GET
SchemaListResourcesTest,0,SchemaListResourcesTest,,"f5416a69-4273-41cd-80ff-b3a7c9a4041e","2020-07-23T12:58:23.374322400",727.0,"2020-07-23T12:58:24.101512400",PASSED,GET
SchemaListResourcesTest,0,SchemaListResourcesTest,,"f6ea3582-6d27-470a-95a0-8fed9e5c8362","2020-07-23T13:21:27.054959900",59.0,"2020-07-23T13:21:27.114596200",PASSED,GET
SchemaListUsersTest,0,SchemaListUsersTest,,"00cca82e-92c5-4646-be21-03e5302d57e0","2020-07-23T12:13:12.799740100",581.0,"2020-07-23T12:13:13.381543600",PASSED,GET
SchemaListUsersTest,0,SchemaListUsersTest,,"02da24fa-582c-4048-a969-5d910249c308","2020-07-23T14:46:21.598244900",87.0,"2020-07-23T14:46:21.686009200",PASSED,GET
SchemaListUsersTest,0,SchemaListUsersTest,,"27d47d7b-9b93-43cb-ae5c-0f7b219e4c23","2020-07-23T12:12:34.329986100",1222.0,"2020-07-23T12:12:35.552052200",FAILED,POST
SchemaListUsersTest,0,SchemaListUsersTest,,"2a131bc6-3cc8-4d3e-bd9a-2ac54b3963d9","2020-07-23T13:19:11.880401100",71.0,"2020-07-23T13:19:11.952290400",PASSED,GET
SchemaListUsersTest,0,SchemaListUsersTest,,"30117b76-b7f3-4de0-ad43-d4af4c308033","2020-07-23T14:47:11.825601100",99.0,"2020-07-23T14:47:11.925333400",PASSED,GET
SchemaListUsersTest,0,SchemaListUsersTest,,"33beac68-a04b-4a68-b6a4-c6c6a6f54cc8","2020-07-23T13:15:59.288160600",68.0,"2020-07-23T13:15:59.356975900",PASSED,GET
SchemaListUsersTest,0,SchemaListUsersTest,,"392bf4ca-9920-43dd-950f-0b7a979ff945","2020-07-23T13:05:32.169734300",755.0,"2020-07-23T13:05:32.925525",PASSED,GET
SchemaListUsersTest,0,SchemaListUsersTest,,"3e7cc30c-8435-4140-97f4-9dd88bc7097f","2020-07-23T14:48:23.539329500",86.0,"2020-07-23T14:48:23.625433",PASSED,GET
SchemaListUsersTest,0,SchemaListUsersTest,,"66abe1b4-8781-4585-8fca-7aa4b412ffb1","2020-07-23T14:44:39.758035300",70.0,"2020-07-23T14:44:39.828842500",PASSED,GET
SchemaListUsersTest,0,SchemaListUsersTest,,"7b8b2694-f270-4f3f-bf20-a14e0dad57b4","2020-07-23T13:18:04.908844",103.0,"2020-07-23T13:18:05.012119200",PASSED,GET
SchemaListUsersTest,0,SchemaListUsersTest,,"92146a09-cf25-4c43-8cf2-e5cd31052f75","2020-07-23T13:17:49.130863300",77.0,"2020-07-23T13:17:49.208653700",PASSED,GET
SchemaListUsersTest,0,SchemaListUsersTest,,"95708c78-32cc-4689-976b-9e180d5230b3","2020-07-23T14:49:40.529261900",76.0,"2020-07-23T14:49:40.606143900",PASSED,GET
SchemaListUsersTest,0,SchemaListUsersTest,,"a3d55a8f-eb4c-4a5f-bc8c-83c13ccb72c4","2020-07-23T13:12:54.217268700",1099.0,"2020-07-23T13:12:55.316923600",PASSED,GET
SchemaListUsersTest,0,SchemaListUsersTest,,"a4ee28ea-da39-4d4f-8e5f-1e25b070ceb2","2020-07-23T13:21:27.547436800",79.0,"2020-07-23T13:21:27.626462",PASSED,GET
SchemaListUsersTest,0,SchemaListUsersTest,,"b6d840d3-6541-4916-bc0e-aff4e4f6b222","2020-07-23T12:12:56.199603700",598.0,"2020-07-23T12:12:56.797716900",FAILED,GET
SchemaListUsersTest,0,SchemaListUsersTest,,"ba688edd-855e-4d38-8d71-62e73fec1285","2020-07-23T13:06:44.719641400",72.0,"2020-07-23T13:06:44.792303100",PASSED,GET
SchemaListUsersTest,0,SchemaListUsersTest,,"ce90be92-d3b6-44f4-ba3e-1f1665dc6865","2020-07-23T13:19:48.208438400",83.0,"2020-07-23T13:19:48.291728200",PASSED,GET
SchemaListUsersTest,0,SchemaListUsersTest,,"e2cca0f7-8349-4d27-9dbf-11dc92bc6969","2020-07-23T14:51:09.809174200",89.0,"2020-07-23T14:51:09.898518200",PASSED,GET
SchemaListUsersTest,0,SchemaListUsersTest,,"e308174d-b6e9-4861-aabf-4ff226098316","2020-07-23T12:11:40.796389600",1005.0,"2020-07-23T12:11:41.801913700",FAILED,POST
SchemaListUsersTest,0,SchemaListUsersTest,,"e6cab7c7-5126-44fd-ad2d-3523dd80ef2e","2020-07-27T18:10:55.994835700",71.0,"2020-07-27T18:10:56.066675100",PASSED,GET
SchemaListUsersTest,0,SchemaListUsersTest,,"ebea0cd9-fae0-42a0-85f5-08ac634c8e17","2020-07-27T17:42:53.645404400",89.0,"2020-07-27T17:42:53.735161300",PASSED,GET
SchemaListUsersTest,0,SchemaListUsersTest,,"ef0c2cc6-e7b8-43e5-b111-864f24780a02","2020-07-23T13:21:09.216331900",81.0,"2020-07-23T13:21:09.298112600",PASSED,GET
SchemaListUsersTest,0,SchemaListUsersTest,,"fa56ace7-cd1b-49b3-9337-17e0d4381dcf","2020-07-23T13:06:28.497886700",93.0,"2020-07-23T13:06:28.591706500",PASSED,GET
SchemaLoginUserTest,0,SchemaLoginUserTest,,"004637f2-0abc-40e8-83d1-7f24cac6ff34","2020-07-23T12:34:33.334558200",216.0,"2020-07-23T12:34:33.550633200",FAILED,POST
SchemaLoginUserTest,0,SchemaCreateUserTest,,"f910289e-e45a-4f91-9cba-2c2b22c61a83","2020-07-23T12:34:32.432153700",886.0,"2020-07-23T12:34:33.318897",PASSED,POST
SchemaLoginUserTest,0,SchemaLoginUserTest,,"0a7c7c21-5386-4aff-a85f-4ff876786061","2020-07-23T12:45:15.055834400",1102.0,"2020-07-23T12:45:16.157867700",FAILED,POST
SchemaLoginUserTest,0,SchemaLoginUserTest,,"13005c13-7163-46ef-8854-d4c3af9f2432","2020-07-23T13:19:47.418818100",181.0,"2020-07-23T13:19:47.600372200",FAILED,POST
SchemaLoginUserTest,0,SchemaLoginUserTest,,"23ec7fb1-bb33-488f-baec-95a3d4757f2e","2020-07-23T14:46:20.748413300",199.0,"2020-07-23T14:46:20.948226",PASSED,POST
SchemaLoginUserTest,0,SchemaLoginUserTest,,"247f6a89-2312-480d-92bc-3f5fce997dc6","2020-07-23T13:21:08.358392500",218.0,"2020-07-23T13:21:08.577131300",FAILED,POST
SchemaLoginUserTest,0,SchemaLoginUserTest,,"3b149a46-31ab-4674-bcfd-fa2a1a38dcf9","2020-07-23T13:17:48.338567900",201.0,"2020-07-23T13:17:48.539843",FAILED,POST
SchemaLoginUserTest,0,SchemaLoginUserTest,,"421023c6-7514-45a7-a057-2068d327fce4","2020-07-23T14:44:38.723311600",245.0,"2020-07-23T14:44:38.968474800",FAILED,POST
SchemaLoginUserTest,0,SchemaLoginUserTest,,"49a335dd-0f7b-4df4-affa-fe186d431350","2020-07-23T12:23:32.734229800",771.0,"2020-07-23T12:23:33.505611100",FAILED,POST
SchemaLoginUserTest,0,SchemaLoginUserTest,,"5fe1bd74-deab-4af6-af48-55d1dcda4795","2020-07-23T14:51:08.890022300",188.0,"2020-07-23T14:51:09.078783600",PASSED,POST
SchemaLoginUserTest,0,SchemaLoginUserTest,,"64a50ea6-27d8-4f53-8cfd-88872717e2bc","2020-07-27T17:42:52.734066400",175.0,"2020-07-27T17:42:52.909708800",PASSED,POST
SchemaLoginUserTest,0,SchemaLoginUserTest,,"6ee2a376-e2e6-4937-bf82-cfbb88d95366","2020-07-23T14:49:39.693551800",196.0,"2020-07-23T14:49:39.889856300",PASSED,POST
SchemaLoginUserTest,0,SchemaLoginUserTest,,"6fca305b-0780-44d1-9246-14432fdccb36","2020-07-23T13:21:26.737069400",186.0,"2020-07-23T13:21:26.924031300",FAILED,POST
SchemaLoginUserTest,0,SchemaLoginUserTest,,"8e72e4d8-cb81-4ab9-994f-34cba4b0fd3f","2020-07-23T12:54:01.965256500",811.0,"2020-07-23T12:54:02.776812300",FAILED,POST
SchemaLoginUserTest,0,SchemaCreateUserTest,,"3d988bea-3da7-4fee-bc72-06b23017c02f","2020-07-23T12:31:08.301392900",848.0,"2020-07-23T12:31:09.149601700",PASSED,POST
SchemaLoginUserTest,0,SchemaLoginUserTest,,"a3651125-3620-4016-be53-451d373f772b","2020-07-23T12:31:09.156141900",162.0,"2020-07-23T12:31:09.318787600",FAILED,POST
SchemaLoginUserTest,0,SchemaLoginUserTest,,"aaf506c8-0d9c-4fab-819b-90ead0ecde92","2020-07-23T12:46:26.761770900",895.0,"2020-07-23T12:46:27.656990700",FAILED,POST
SchemaLoginUserTest,0,SchemaLoginUserTest,,"aeb6cf79-2208-4008-bf31-118b4f74d908","2020-07-23T14:48:22.644291700",220.0,"2020-07-23T14:48:22.865210800",PASSED,POST
SchemaLoginUserTest,0,SchemaLoginUserTest,,"b8f2e494-a761-46b0-93f9-0e0e02547556","2020-07-23T13:06:26.809779800",929.0,"2020-07-23T13:06:27.738972200",FAILED,POST
SchemaLoginUserTest,0,SchemaLoginUserTest,,"bb255c35-decb-44b1-adf1-87eb04c6e757","2020-07-27T18:10:55.225497700",167.0,"2020-07-27T18:10:55.392851100",PASSED,POST
SchemaLoginUserTest,0,SchemaLoginUserTest,,"c0ab64df-895d-4190-9416-42e5c0cad942","2020-07-23T14:47:10.956472500",203.0,"2020-07-23T14:47:11.159642900",PASSED,POST
SchemaLoginUserTest,0,SchemaLoginUserTest,,"c83f974e-7304-4191-9849-89e1a5e27c73","2020-07-23T13:06:42.719840200",1257.0,"2020-07-23T13:06:43.977531500",FAILED,POST
SchemaLoginUserTest,0,SchemaLoginUserTest,,"ca83dbac-5349-4cf8-9953-b454616d3e4f","2020-07-23T13:13:19.393529900",771.0,"2020-07-23T13:13:20.165009800",FAILED,POST
SchemaLoginUserTest,0,SchemaLoginUserTest,,"d538e33f-56d6-4362-8e8c-5501ec45e610","2020-07-23T12:21:17.036316400",901.0,"2020-07-23T12:21:17.938260800",FAILED,POST
SchemaLoginUserTest,0,SchemaLoginUserTest,,"d5b27e26-52c4-4ec8-9331-8bcb9fabc22f","2020-07-23T13:15:58.354239900",214.0,"2020-07-23T13:15:58.569225100",FAILED,POST
SchemaLoginUserTest,0,SchemaLoginUserTest,,"da511459-c312-41a8-9815-4ea1038f6dc3","2020-07-23T13:18:03.974199400",214.0,"2020-07-23T13:18:04.188785500",FAILED,POST
SchemaLoginUserTest,0,SchemaLoginUserTest,,"dca5b79c-4dc7-4004-a59c-09831813ab76","2020-07-23T12:25:39.046842300",788.0,"2020-07-23T12:25:39.835234100",FAILED,POST
SchemaLoginUserTest,0,SchemaLoginUserTest,,"f4ddd792-f10b-466c-8df5-944f03b9e2db","2020-07-23T13:19:11.019012300",199.0,"2020-07-23T13:19:11.218955700",FAILED,POST
SchemaRegisterUserTest,0,SchemaRegisterUserTest,,"03f86cbf-2ea0-41a0-8e5b-db9bf3687603","2020-07-23T13:13:05.582093300",1157.0,"2020-07-23T13:13:06.740032400",FAILED,POST
SchemaRegisterUserTest,0,SchemaRegisterUserTest,,"0603d092-f92e-4890-a85b-33d2f1d7e0b4","2020-07-23T13:13:27.441642500",981.0,"2020-07-23T13:13:28.422826800",FAILED,POST
SchemaRegisterUserTest,0,SchemaRegisterUserTest,,"0b667dff-04cf-4808-8c36-87e7e42a41e9","2020-07-23T14:48:20.970250700",1067.0,"2020-07-23T14:48:22.038119700",PASSED,POST
SchemaRegisterUserTest,0,SchemaRegisterUserTest,,"1119117b-815c-49e5-bda3-38adba270dc8","2020-07-23T14:46:19.287015300",829.0,"2020-07-23T14:46:20.116438700",FAILED,POST
SchemaRegisterUserTest,0,SchemaRegisterUserTest,,"34e59f78-a550-41f2-bcda-979c920e8bbb","2020-07-23T13:18:02.507178400",867.0,"2020-07-23T13:18:03.375010800",FAILED,POST
SchemaRegisterUserTest,0,SchemaRegisterUserTest,,"4dcc7bb0-0683-4db2-8abd-a38abff278df","2020-07-27T17:42:50.472295300",1620.0,"2020-07-27T17:42:52.092794600",PASSED,POST
SchemaRegisterUserTest,0,SchemaRegisterUserTest,,"4ec3d1b8-a512-4612-93fe-bff304a75f7f","2020-07-23T13:19:09.421994400",936.0,"2020-07-23T13:19:10.358751",FAILED,POST
SchemaRegisterUserTest,0,SchemaRegisterUserTest,,"50d2eb29-3161-48dd-9f43-a8cb8a8628b4","2020-07-23T13:11:57.781216700",994.0,"2020-07-23T13:11:58.775231",FAILED,POST
SchemaRegisterUserTest,0,SchemaRegisterUserTest,,"536e9627-9088-494f-809c-ad6ddc962327","2020-07-23T13:15:56.853259",824.0,"2020-07-23T13:15:57.678137100",FAILED,POST
SchemaRegisterUserTest,0,SchemaRegisterUserTest,,"59015736-c3f4-4e19-bedd-7089325b84bf","2020-07-23T13:19:45.921149",923.0,"2020-07-23T13:19:46.844317100",FAILED,POST
SchemaRegisterUserTest,0,SchemaRegisterUserTest,,"68674598-7e89-4068-9d8b-39e6a9dd3ea4","2020-07-23T14:51:07.498277200",822.0,"2020-07-23T14:51:08.320952700",PASSED,POST
SchemaRegisterUserTest,0,SchemaRegisterUserTest,,"9cb3be20-0306-434a-a6d3-6df03c11dba3","2020-07-23T13:11:33.347273800",863.0,"2020-07-23T13:11:34.210485900",FAILED,POST
SchemaRegisterUserTest,0,SchemaRegisterUserTest,,"a28137be-5a0f-496d-a74c-9555601cb1e8","2020-07-23T13:21:25.178167100",890.0,"2020-07-23T13:21:26.068776700",FAILED,POST
SchemaRegisterUserTest,0,SchemaRegisterUserTest,,"a6378166-4fa7-430d-9e82-6a14a9f1bf34","2020-07-23T14:47:09.477576300",887.0,"2020-07-23T14:47:10.365301500",FAILED,POST
SchemaRegisterUserTest,0,SchemaCreateUserTest,,"ca17b840-831e-4792-bde4-f850c9dc9c2d","2020-07-23T13:17:46.489381900",1049.0,"2020-07-23T13:17:47.539201600",PASSED,POST
SchemaRegisterUserTest,0,SchemaRegisterUserTest,,"a881b756-b0bf-4227-bc13-01710240ce24","2020-07-23T13:17:47.551169600",182.0,"2020-07-23T13:17:47.733307300",FAILED,POST
SchemaRegisterUserTest,0,SchemaRegisterUserTest,,"ac4fadca-4e82-4790-a706-e27f820ed003","2020-07-23T14:44:37.131655700",853.0,"2020-07-23T14:44:37.985374200",FAILED,POST
SchemaRegisterUserTest,0,SchemaRegisterUserTest,,"ae2bf562-6a27-4dec-89f8-0c46866f8f84","2020-07-23T12:28:21.299924700",1048.0,"2020-07-23T12:28:22.347941600",FAILED,POST
SchemaRegisterUserTest,0,SchemaRegisterUserTest,,"b168fd67-44ff-4df0-b4a0-a70770f59134","2020-07-27T18:10:54.273964700",456.0,"2020-07-27T18:10:54.730734",PASSED,POST
SchemaRegisterUserTest,0,SchemaRegisterUserTest,,"bff2619c-4605-434b-aaf9-799ee3039536","2020-07-23T14:49:38.180840600",935.0,"2020-07-23T14:49:39.116280500",PASSED,POST
SchemaRegisterUserTest,0,SchemaRegisterUserTest,,"c9c87488-042d-46f5-897e-dcdece283385","2020-07-23T13:14:53.262146300",882.0,"2020-07-23T13:14:54.144279100",FAILED,POST
SchemaRegisterUserTest,0,SchemaRegisterUserTest,,"ea366b43-e0ae-4570-acee-4fcc563bdd92","2020-07-23T13:21:06.866857200",884.0,"2020-07-23T13:21:07.750875700",FAILED,POST
"Screening API- Get Screening by customerId test",0,get_screening_details,,"008f7be0-af8d-460b-bdd8-d0ef1c72bcae","2020-07-27T18:10:08.050830500",9.0,"2020-07-27T18:10:08.060803200",PASSED,GET
"Screening API- Get Screening by customerId test",0,get_screening_details,,"02e08609-31c8-4426-a837-016ac76a8f85","2020-07-21T11:31:15.683287500",397.0,"2020-07-21T11:31:16.081231200",PASSED,GET
"Screening API- Get Screening by customerId test",0,get_screening_details,,"02e513c2-524a-497c-aaaa-d381d8190e4d","2020-07-27T17:40:38.826380500",4014.0,"2020-07-27T17:40:42.840553400",FAILED,GET
"Screening API- Get Screening by customerId test",0,get_screening_details,,"04509cdc-99f6-4e08-8ebd-6762b1448ffb","2020-07-27T17:44:09.664391400",11630.0,"2020-07-27T17:44:21.294411100",FAILED,GET
"Screening API- Get Screening by customerId test",0,get_screening_details,,"04958500-63ab-4a1b-986f-23a0911ec016","2020-07-21T11:32:06.825037600",5.0,"2020-07-21T11:32:06.830986800",PASSED,GET
"Screening API- Get Screening by customerId test",0,get_screening_details,,"069f924b-ad68-48a5-ae18-470b8b60e1a4","2020-07-27T18:07:27.120418800",10.0,"2020-07-27T18:07:27.131389500",PASSED,GET
"Screening API- Get Screening by customerId test",0,get_screening_details,,"0aa823b8-31cc-435b-a397-1959d85920c2","2020-07-27T17:58:30.032008400",10.0,"2020-07-27T17:58:30.042979100",PASSED,GET
"Screening API- Get Screening by customerId test",0,get_screening_details,,"0c6c6158-12e2-4d90-8bb4-3d22e48e7c16","2020-07-27T17:38:08.685351400",11813.0,"2020-07-27T17:38:20.498439800",FAILED,GET
"Screening API- Get Screening by customerId test",0,get_screening_details,,"0cb6bf26-5b90-4b9d-be37-6953397bb634","2020-07-27T17:38:37.133390700",4236.0,"2020-07-27T17:38:41.369406200",FAILED,GET
"Screening API- Get Screening by customerId test",0,get_screening_details,,"0d6d0b35-0d0c-4e4a-b29d-f5d1e19af68c","2020-07-27T17:40:39.648118100",4016.0,"2020-07-27T17:40:43.664374400",FAILED,GET
"Screening API- Get Screening by customerId test",0,get_screening_details,,"11234d1b-ed05-40d9-9f71-68421c255f09","2020-07-27T17:37:44.358646700",4062.0,"2020-07-27T17:37:48.420664700",FAILED,GET
"Screening API- Get Screening by customerId test",0,get_screening_details,,"11a5cae8-2a88-469a-be6f-76469d64adf9","2020-07-27T17:44:46.138362600",4450.0,"2020-07-27T17:44:50.589071100",FAILED,GET
"Screening API- Get Screening by customerId test",0,get_screening_details,,"127c21d4-19df-4d34-ae18-ca3552ed576f","2020-07-21T17:00:29.056721500",136.0,"2020-07-21T17:00:29.192756600",PASSED,GET
"Screening API- Get Screening by customerId test",0,get_screening_details,,"13d2ef33-4576-46bf-9940-3dfb6da7d2bf","2020-07-27T17:44:35.465311300",4214.0,"2020-07-27T17:44:39.680038900",FAILED,GET
"Screening API- Get Screening by customerId test",0,get_screening_details,,"153e40e2-1f04-48f5-9e89-d453d82f6365","2020-07-27T17:38:15.013375700",5498.0,"2020-07-27T17:38:20.511426400",FAILED,GET
"Screening API- Get Screening by customerId test",0,get_screening_details,,"1800ee45-fe82-47c0-bb72-124a48fb2268","2020-07-27T17:44:27.876406100",7131.0,"2020-07-27T17:44:35.007791200",FAILED,GET
"Screening API- Get Screening by customerId test",0,get_screening_details,,"1c17723a-686b-44ba-b740-6a8dd4d3b392","2020-07-21T14:40:01.669358900",7.0,"2020-07-21T14:40:01.677337700",PASSED,GET
"Screening API- Get Screening by customerId test",0,get_screening_details,,"2299afc7-f31d-45eb-83de-895c61a88b77","2020-07-27T17:38:32.913505",4585.0,"2020-07-27T17:38:37.499383800",FAILED,GET
"Screening API- Get Screening by customerId test",0,get_screening_details,,"24677ac1-6f7e-4fb2-aa8d-c8186c84ee03","2020-07-27T18:01:30.788268100",12.0,"2020-07-27T18:01:30.801234200",PASSED,GET
"Screening API- Get Screening by customerId test",0,get_screening_details,,"247a5e1b-29ad-407c-b4e2-5e51a41e0e88","2020-07-27T17:38:02.589266600",4364.0,"2020-07-27T17:38:06.953402900",FAILED,GET
"Screening API- Get Screening by customerId test",0,get_screening_details,,"251f88bc-3661-40da-99f8-64204a32f879","2020-07-21T14:39:25.652816200",21.0,"2020-07-21T14:39:25.674760400",PASSED,GET
"Screening API- Get Screening by customerId test",0,get_screening_details,,"2560bb36-8472-4fa8-b812-d76e7bade8c3","2020-07-27T18:07:27.412637",9.0,"2020-07-27T18:07:27.422611600",PASSED,GET
"Screening API- Get Screening by customerId test",0,get_screening_details,,"25c97195-315d-4e37-b807-8ba6e3850b32","2020-07-27T17:58:31.047150800",30.0,"2020-07-27T17:58:31.078067700",PASSED,GET
"Screening API- Get Screening by customerId test",0,get_screening_details,,"25d158d0-a97e-4bf8-90a6-844603c443d4","2020-07-21T17:00:41.103946400",12.0,"2020-07-21T17:00:41.116912300",PASSED,GET
"Screening API- Get Screening by customerId test",0,get_screening_details,,"2906005d-b048-4717-aa98-45b98b2cc9c6","2020-07-27T17:41:40.511148",4008.0,"2020-07-27T17:41:44.519304300",FAILED,GET
"Screening API- Get Screening by customerId test",0,get_screening_details,,"2aadf172-87a8-430d-9064-422b9a951c43","2020-07-27T17:43:49.364695100",4675.0,"2020-07-27T17:43:54.040480600",FAILED,GET
"Screening API- Get Screening by customerId test",0,get_screening_details,,"2b71877d-ac96-43d2-a4ea-ab1eeb79b7f5","2020-07-27T17:40:23.034695900",4011.0,"2020-07-27T17:40:27.046365100",FAILED,GET
"Screening API- Get Screening by customerId test",0,get_screening_details,,"2c353355-e732-4998-a50d-830d39d03125","2020-07-27T17:44:54.375954900",4322.0,"2020-07-27T17:44:58.698275100",FAILED,GET
"Screening API- Get Screening by customerId test",0,get_screening_details,,"2d060c9c-b93c-4dd8-95f7-5fc40916241f","2020-07-21T14:40:05.686210400",7.0,"2020-07-21T14:40:05.693706400",PASSED,GET
"Screening API- Get Screening by customerId test",0,get_screening_details,,"2e8628b7-b1ec-4637-93b6-dba2dd98e689","2020-07-21T14:39:39.658687400",5.0,"2020-07-21T14:39:39.664671500",PASSED,GET
"Screening API- Get Screening by customerId test",0,get_screening_details,,"2e924967-385b-425b-9683-12c9e517b658","2020-07-21T11:31:34.814398800",5.0,"2020-07-21T11:31:34.820383200",PASSED,GET
"Screening API- Get Screening by customerId test",0,get_screening_details,,"2e92d448-8358-4070-b15b-ef912435f038","2020-07-27T17:38:24.703387400",4653.0,"2020-07-27T17:38:29.356434",FAILED,GET
"Screening API- Get Screening by customerId test",0,get_screening_details,,"30315fff-9db2-4206-8ac9-17fc2057b755","2020-07-21T11:31:24.814618200",6.0,"2020-07-21T11:31:24.821599100",PASSED,GET
"Screening API- Get Screening by customerId test",0,get_screening_details,,"30c80abf-6b49-49ce-85f8-dc082eb00a22","2020-07-21T14:39:15.741862800",18.0,"2020-07-21T14:39:15.760810800",PASSED,GET
"Screening API- Get Screening by customerId test",0,get_screening_details,,"31714290-9e86-454e-b628-1bc38e2852c7","2020-07-27T17:38:00.568474300",4186.0,"2020-07-27T17:38:04.754687200",FAILED,GET
"Screening API- Get Screening by customerId test",0,get_screening_details,,"34a255fb-6788-4640-adff-ff1c69ff2fb1","2020-07-27T17:42:03.299921700",4015.0,"2020-07-27T17:42:07.315278300",FAILED,GET
"Screening API- Get Screening by customerId test",0,get_screening_details,,"38899887-7131-400d-954c-2a9c2f1a7b41","2020-07-27T17:38:43.368551500",5116.0,"2020-07-27T17:38:48.485489",FAILED,GET
"Screening API- Get Screening by customerId test",0,get_screening_details,,"395fe6d3-f457-40b6-ac3b-9b9cc8c319a6","2020-07-27T17:40:39.027104200",4016.0,"2020-07-27T17:40:43.044009300",FAILED,GET
"Screening API- Get Screening by customerId test",0,get_screening_details,,"3971c1ed-91f6-4825-90d5-ae261377a421","2020-07-27T17:54:50.289102600",4045.0,"2020-07-27T17:54:54.334532100",FAILED,GET
"Screening API- Get Screening by customerId test",0,get_screening_details,,"40420d36-847d-49de-8796-8fb6fb35e202","2020-07-27T17:40:39.435014400",4014.0,"2020-07-27T17:40:43.449439800",FAILED,GET
"Screening API- Get Screening by customerId test",0,get_screening_details,,"4072604e-ebf5-4d49-8bff-d18329ebc324","2020-07-21T11:31:54.815068300",7.0,"2020-07-21T11:31:54.823048300",PASSED,GET
"Screening API- Get Screening by customerId test",0,get_screening_details,,"41111ac9-db3f-4f4d-9a5a-e4c1791d948d","2020-07-21T11:32:08.829420",3.0,"2020-07-21T11:32:08.833409600",PASSED,GET
"Screening API- Get Screening by customerId test",0,get_screening_details,,"422bceb3-4e24-4a61-a9df-8bd075ffbd0b","2020-07-27T17:37:52.438215500",4446.0,"2020-07-27T17:37:56.885162700",FAILED,GET
"Screening API- Get Screening by customerId test",0,get_screening_details,,"451dea21-ca9a-444c-84b6-6267e1d93b31","2020-07-21T11:31:44.816698600",6.0,"2020-07-21T11:31:44.823680300",PASSED,GET
"Screening API- Get Screening by customerId test",0,get_screening_details,,"45d228c3-8b05-4e54-b587-9ee66c12918e","2020-07-21T14:39:31.721279400",18.0,"2020-07-21T14:39:31.740229200",PASSED,GET
"Screening API- Get Screening by customerId test",0,get_screening_details,,"464cb491-0343-4dc1-9436-5092e46117f3","2020-07-27T17:38:28.851420300",4333.0,"2020-07-27T17:38:33.184482300",FAILED,GET
"Screening API- Get Screening by customerId test",0,get_screening_details,,"46c3b7c8-ed7e-41ce-b039-18cd6e9cbcbe","2020-07-27T17:44:58.933334400",7952.0,"2020-07-27T17:45:06.886076500",FAILED,GET
"Screening API- Get Screening by customerId test",0,get_screening_details,,"48762c9b-532e-4ca6-8a24-9f3ed99f8ec9","2020-07-27T17:38:39.282361",4785.0,"2020-07-27T17:38:44.067433400",FAILED,GET
"Screening API- Get Screening by customerId test",0,get_screening_details,,"48fd86e1-5853-4751-9d11-9088c0ee4e49","2020-07-27T17:43:57.216480200",4398.0,"2020-07-27T17:44:01.615334100",FAILED,GET
"Screening API- Get Screening by customerId test",0,get_screening_details,,"49d896c0-f07b-46bd-820a-cc9bfdf8a70d","2020-07-27T17:38:10.743672900",9755.0,"2020-07-27T17:38:20.499423300",FAILED,GET
"Screening API- Get Screening by customerId test",0,get_screening_details,,"4a416434-efc9-4470-8946-63f24223231a","2020-07-27T17:37:46.445807300",4196.0,"2020-07-27T17:37:50.642609600",FAILED,GET
"Screening API- Get Screening by customerId test",0,get_screening_details,,"4ab54f43-90cc-45ec-afa6-4ce7075fcc97","2020-07-21T11:31:56.821463200",4.0,"2020-07-21T11:31:56.826450400",PASSED,GET
"Screening API- Get Screening by customerId test",0,get_screening_details,,"4c4d162c-4d34-44e4-a295-8c37c09f2b67","2020-07-27T17:43:52.966197900",4096.0,"2020-07-27T17:43:57.062446100",FAILED,GET
"Screening API- Get Screening by customerId test",0,get_screening_details,,"4cd36f61-2af5-473b-842c-872067b3e87a","2020-07-21T14:39:33.691588100",5.0,"2020-07-21T14:39:33.697571700",PASSED,GET
"Screening API- Get Screening by customerId test",0,get_screening_details,,"4f78f6d2-c6fa-4bcc-aa68-f2021ddb5b7d","2020-07-27T17:43:55.028731700",4137.0,"2020-07-27T17:43:59.166670300",FAILED,GET
"Screening API- Get Screening by customerId test",0,get_screening_details,,"4f8e220a-8580-4b1a-8975-c3f4590ac6dd","2020-07-21T17:00:39.074390900",9.0,"2020-07-21T17:00:39.084363500",PASSED,GET
"Screening API- Get Screening by customerId test",0,get_screening_details,,"51d18a52-e8ce-4d7a-bd7c-952fae3226ff","2020-07-21T11:32:00.819505100",4.0,"2020-07-21T11:32:00.824493500",PASSED,GET
"Screening API- Get Screening by customerId test",0,get_screening_details,,"534abf97-1b12-446e-a761-f559ae1c01b4","2020-07-27T17:37:40.596051",4507.0,"2020-07-27T17:37:45.103836400",FAILED,GET
"Screening API- Get Screening by customerId test",0,get_screening_details,,"552f39bb-8750-468c-b39f-004783bea133","2020-07-27T17:38:41.175388300",7310.0,"2020-07-27T17:38:48.485489",FAILED,GET
"Screening API- Get Screening by customerId test",0,get_screening_details,,"553cbb6f-bb7a-4d39-99e4-28c75081b4c2","2020-07-21T14:40:11.684062900",4.0,"2020-07-21T14:40:11.689048800",PASSED,GET
"Screening API- Get Screening by customerId test",0,get_screening_details,,"55e6646b-47a7-4cd8-bc5b-62f8a791ab46","2020-07-21T11:31:16.833923200",9.0,"2020-07-21T11:31:16.843897800",PASSED,GET
"Screening API- Get Screening by customerId test",0,get_screening_details,,"56ce31fb-ceb2-423b-a0e6-108ce42ce1ec","2020-07-21T14:39:53.666281",4.0,"2020-07-21T14:39:53.671248",PASSED,GET
"Screening API- Get Screening by customerId test",0,get_screening_details,,"59f99612-b0f9-4cc0-a4b7-7ac32a2db80f","2020-07-21T14:39:21.652971900",10.0,"2020-07-21T14:39:21.663943",PASSED,GET
"Screening API- Get Screening by customerId test",0,get_screening_details,,"6125cef0-011b-4c2a-ae53-b982fc75db0e","2020-07-21T14:40:09.673413300",7.0,"2020-07-21T14:40:09.681391500",PASSED,GET
"Screening API- Get Screening by customerId test",0,get_screening_details,,"63185762-2656-4b40-b2cd-f57355bf4400","2020-07-21T17:00:21.035177",249.0,"2020-07-21T17:00:21.285020800",PASSED,GET
"Screening API- Get Screening by customerId test",0,get_screening_details,,"63abd26a-2583-44c5-b33f-2b94174fb0ab","2020-07-27T18:07:26.894512400",9.0,"2020-07-27T18:07:26.904486700",PASSED,GET
"Screening API- Get Screening by customerId test",0,get_screening_details,,"65953983-4541-42a3-a0cd-490f8a20cecf","2020-07-21T17:00:27.080830600",154.0,"2020-07-21T17:00:27.235799400",PASSED,GET
"Screening API- Get Screening by customerId test",0,get_screening_details,,"67b9fe63-2a13-4d7c-94cf-7ec5aa25ebc2","2020-07-27T18:04:15.244242",16.0,"2020-07-27T18:04:15.261204900",PASSED,GET
"Screening API- Get Screening by customerId test",0,get_screening_details,,"69af2922-bb3a-4dc8-8f6c-7e2ae1431bc2","2020-07-27T18:00:07.687088200",61.0,"2020-07-27T18:00:07.748924",PASSED,GET
"Screening API- Get Screening by customerId test",0,get_screening_details,,"6b6c6ab3-96d2-4e29-9a2e-90a2e8fdb9df","2020-07-27T18:04:10.196250500",14.0,"2020-07-27T18:04:10.211210300",PASSED,GET
"Screening API- Get Screening by customerId test",0,get_screening_details,,"6c12800a-0d49-4858-99aa-714070bb2887","2020-07-27T17:40:18.031345100",4025.0,"2020-07-27T17:40:22.057274300",FAILED,GET
"Screening API- Get Screening by customerId test",0,get_screening_details,,"6d0e77a1-bf18-470a-a2c3-dbaf46420f3c","2020-07-27T17:42:02.693742100",4016.0,"2020-07-27T17:42:06.710259",FAILED,GET
"Screening API- Get Screening by customerId test",0,get_screening_details,,"6dfab2aa-9e85-45b1-ab6f-4fbb882f0829","2020-07-27T17:44:52.376857400",4417.0,"2020-07-27T17:44:56.794176800",FAILED,GET
"Screening API- Get Screening by customerId test",0,get_screening_details,,"6e1c1283-8022-431a-96c8-53fa7c90e7ba","2020-07-27T17:58:29.035043600",18.0,"2020-07-27T17:58:29.053994",PASSED,GET
"Screening API- Get Screening by customerId test",0,get_screening_details,,"6fd43c0b-27d0-4de7-936d-388f8e918985","2020-07-27T18:01:30.561363700",13.0,"2020-07-27T18:01:30.575326100",PASSED,GET
"Screening API- Get Screening by customerId test",0,get_screening_details,,"7235b59d-07c1-4361-bc03-10a0099d131c","2020-07-27T17:41:11.985049900",4017.0,"2020-07-27T17:41:16.002058400",FAILED,GET
"Screening API- Get Screening by customerId test",0,get_screening_details,,"76f3eaf4-48e6-4e5b-8eb0-7a3814ee4d67","2020-07-21T17:00:35.065931800",7.0,"2020-07-21T17:00:35.073910500",PASSED,GET
"Screening API- Get Screening by customerId test",0,get_screening_details,,"785e6342-fdca-461b-88ef-c48e7b9d8615","2020-07-27T17:44:48.355163",4432.0,"2020-07-27T17:44:52.787871700",FAILED,GET
"Screening API- Get Screening by customerId test",0,get_screening_details,,"7a5167b0-8bba-48e3-ac5a-183b1167a1ea","2020-07-21T17:00:37.101558700",10.0,"2020-07-21T17:00:37.112529100",PASSED,GET
"Screening API- Get Screening by customerId test",0,get_screening_details,,"7a97a853-7870-4cfc-bcbe-f88d69f57c54","2020-07-27T17:43:50.960246500",4032.0,"2020-07-27T17:43:54.992828400",FAILED,GET
"Screening API- Get Screening by customerId test",0,get_screening_details,,"7aa9b33c-8647-4a8e-900d-40dec7c49e6f","2020-07-27T17:57:03.208303700",48.0,"2020-07-27T17:57:03.256685800",FAILED,GET
"Screening API- Get Screening by customerId test",0,get_screening_details,,"7b137edb-03ce-4e18-855b-636a645dd106","2020-07-27T17:43:59.289554800",4583.0,"2020-07-27T17:44:03.873354700",FAILED,GET
"Screening API- Get Screening by customerId test",0,get_screening_details,,"7c02fc4b-43e6-4ac2-bd38-5c4efa8cb5d2","2020-07-27T17:44:56.825174500",10057.0,"2020-07-27T17:45:06.883082600",FAILED,GET
"Screening API- Get Screening by customerId test",0,get_screening_details,,"7e5abdbc-0799-4a57-b552-ed862325c591","2020-07-27T18:04:05.209076500",9.0,"2020-07-27T18:04:05.219049500",PASSED,GET
"Screening API- Get Screening by customerId test",0,get_screening_details,,"7f149f6a-6d36-49b3-b6dc-cdab18b242a3","2020-07-27T17:39:48.806694800",4076.0,"2020-07-27T17:39:52.883102600",FAILED,GET
"Screening API- Get Screening by customerId test",0,get_screening_details,,"800475b4-5dd1-4ad8-bd48-7843b5e8d9c9","2020-07-21T17:00:18.989397400",119.0,"2020-07-21T17:00:19.109077300",PASSED,GET
"Screening API- Get Screening by customerId test",0,get_screening_details,,"8226eb3e-8381-4a7b-ba09-5e40edfe40e8","2020-07-27T17:44:07.456380900",5362.0,"2020-07-27T17:44:12.818506400",FAILED,GET
"Screening API- Get Screening by customerId test",0,get_screening_details,,"83392300-bd4e-4bbe-b1cc-007f2704bbc6","2020-07-27T17:38:26.908377800",4460.0,"2020-07-27T17:38:31.368838800",FAILED,GET
"Screening API- Get Screening by customerId test",0,get_screening_details,,"87705343-56c8-4a79-bbc4-6a6815e45ad9","2020-07-21T14:40:03.687504600",5.0,"2020-07-21T14:40:03.693489600",PASSED,GET
"Screening API- Get Screening by customerId test",0,get_screening_details,,"87cd3cfc-1d5e-4eab-9905-7c203c81762a","2020-07-27T18:00:02.675605100",16.0,"2020-07-27T18:00:02.692070200",PASSED,GET
"Screening API- Get Screening by customerId test",0,get_screening_details,,"884b0cb4-ddad-44fb-87fa-6f6804933aac","2020-07-27T17:38:06.666430300",4318.0,"2020-07-27T17:38:10.984510700",FAILED,GET
"Screening API- Get Screening by customerId test",0,get_screening_details,,"88e220fc-b6a8-468a-8a2b-6cc07dfb3225","2020-07-21T11:31:58.823849400",3.0,"2020-07-21T11:31:58.827837400",PASSED,GET
"Screening API- Get Screening by customerId test",0,get_screening_details,,"89d8ad20-ed2e-4c6e-b231-7a54f93e6159","2020-07-27T17:44:25.859390400",9145.0,"2020-07-27T17:44:35.005273800",FAILED,GET
"Screening API- Get Screening by customerId test",0,get_screening_details,,"8acb8c1c-af56-44f1-a8b5-529bdc86d1df","2020-07-21T14:39:55.666064200",4.0,"2020-07-21T14:39:55.671051700",PASSED,GET
"Screening API- Get Screening by customerId test",0,get_screening_details,,"8bdf1d1f-0f57-461b-92ff-f8640a4deb0d","2020-07-27T17:41:21.983709500",4010.0,"2020-07-27T17:41:25.993949500",FAILED,GET
"Screening API- Get Screening by customerId test",0,get_screening_details,,"8e024fdf-5636-4afd-b158-7ba6c5639af0","2020-07-27T17:57:05.296268600",93.0,"2020-07-27T17:57:05.389530600",PASSED,GET
"Screening API- Get Screening by customerId test",0,get_screening_details,,"9266c770-8c92-49b7-863a-2308e539af32","2020-07-27T17:41:16.983942800",4010.0,"2020-07-27T17:41:20.994354700",FAILED,GET
"Screening API- Get Screening by customerId test",0,get_screening_details,,"937db691-183a-475b-ba7c-19d15869769b","2020-07-21T14:39:57.667370",6.0,"2020-07-21T14:39:57.674356500",PASSED,GET
"Screening API- Get Screening by customerId test",0,get_screening_details,,"9443db15-8963-4bf8-8489-b172e2a050bf","2020-07-27T17:39:50.808462500",4013.0,"2020-07-27T17:39:54.821780900",FAILED,GET
"Screening API- Get Screening by customerId test",0,get_screening_details,,"949a699c-2b87-4186-9a11-d06ca290f8f4","2020-07-21T11:31:36.817775",5.0,"2020-07-21T11:31:36.823759700",PASSED,GET
"Screening API- Get Screening by customerId test",0,get_screening_details,,"98c7c169-804e-48e9-ba31-fff353b3524a","2020-07-21T14:39:14.757835800",892.0,"2020-07-21T14:39:15.650593400",PASSED,GET
"Screening API- Get Screening by customerId test",0,get_screening_details,,"99207f46-8839-4152-a25f-1b3a8ffb199e","2020-07-21T11:31:22.808716700",6.0,"2020-07-21T11:31:22.815665600",PASSED,GET
"Screening API- Get Screening by customerId test",0,get_screening_details,,"9a0c4b03-0303-4066-8d64-b3d41b992259","2020-07-21T11:31:46.823043900",4.0,"2020-07-21T11:31:46.828030500",PASSED,GET
"Screening API- Get Screening by customerId test",0,get_screening_details,,"9b09afcc-3e17-4b23-8f9b-6e225f4b2b2a","2020-07-21T11:31:42.815097500",18.0,"2020-07-21T11:31:42.834045900",PASSED,GET
"Screening API- Get Screening by customerId test",0,get_screening_details,,"9b0f6a2c-6df9-42f1-b216-274aeb828709","2020-07-21T14:39:27.661742300",14.0,"2020-07-21T14:39:27.676700500",PASSED,GET
"Screening API- Get Screening by customerId test",0,get_screening_details,,"9e2ae5b6-0a72-4e9d-8e72-a718594742d2","2020-07-27T17:44:11.652471500",13399.0,"2020-07-27T17:44:25.052308400",FAILED,GET
"Screening API- Get Screening by customerId test",0,get_screening_details,,"9f36267d-b792-4a1f-abf3-20955b91233b","2020-07-21T14:39:35.664899100",6.0,"2020-07-21T14:39:35.671881500",PASSED,GET
"Screening API- Get Screening by customerId test",0,get_screening_details,,"a05eecbc-af77-4099-afab-84cf1743a559","2020-07-21T11:31:40.802551700",19.0,"2020-07-21T11:31:40.822497700",PASSED,GET
"Screening API- Get Screening by customerId test",0,get_screening_details,,"a0fb7057-e7d0-429f-ae9a-d25bb27366f8","2020-07-27T17:44:39.602054700",4378.0,"2020-07-27T17:44:43.980305",FAILED,GET
"Screening API- Get Screening by customerId test",0,get_screening_details,,"a0fd43e7-7745-4eb1-aabb-cf21297667b4","2020-07-27T17:37:42.379189400",4026.0,"2020-07-27T17:37:46.405914300",FAILED,GET
"Screening API- Get Screening by customerId test",0,get_screening_details,,"a19a2862-083d-4f67-8bc4-c977d3abb354","2020-07-21T11:31:18.830698800",6.0,"2020-07-21T11:31:18.837680100",PASSED,GET
"Screening API- Get Screening by customerId test",0,get_screening_details,,"a2755b05-e523-4a98-8ea6-d0ac7b43a11e","2020-07-27T17:40:39.231559500",4011.0,"2020-07-27T17:40:43.243482900",FAILED,GET
"Screening API- Get Screening by customerId test",0,get_screening_details,,"a412b609-e566-46bb-95a1-3b9a01f88dc5","2020-07-27T18:01:31.124369500",10.0,"2020-07-27T18:01:31.135340400",PASSED,GET
"Screening API- Get Screening by customerId test",0,get_screening_details,,"a526b55c-5316-4dc6-af42-38d8ee37db33","2020-07-21T14:39:23.663645700",11.0,"2020-07-21T14:39:23.675613800",PASSED,GET
"Screening API- Get Screening by customerId test",0,get_screening_details,,"a76c465d-bf08-4c8e-82a7-4ef64288409c","2020-07-27T17:41:42.513308",4008.0,"2020-07-27T17:41:46.521421200",FAILED,GET
"Screening API- Get Screening by customerId test",0,get_screening_details,,"a79c0438-6e8d-471c-b2dc-87c38c260b76","2020-07-21T14:39:41.657618700",4.0,"2020-07-21T14:39:41.662605700",PASSED,GET
"Screening API- Get Screening by customerId test",0,get_screening_details,,"ad353a4f-9202-4735-9828-76f038f5f287","2020-07-27T17:44:30.105303400",4899.0,"2020-07-27T17:44:35.005273800",FAILED,GET
"Screening API- Get Screening by customerId test",0,get_screening_details,,"b1d0d7b5-1468-4768-9d6c-89fcb9cf5a3f","2020-07-27T17:38:12.833410400",7679.0,"2020-07-27T17:38:20.512423800",FAILED,GET
"Screening API- Get Screening by customerId test",0,get_screening_details,,"b3ee2bee-92c7-42b7-a278-2ee753f8b632","2020-07-21T17:00:33.095829300",6.0,"2020-07-21T17:00:33.101878900",PASSED,GET
"Screening API- Get Screening by customerId test",0,get_screening_details,,"b419e550-6faf-4d13-ab65-13717a90d04e","2020-07-27T17:37:56.429504100",4752.0,"2020-07-27T17:38:01.182244200",FAILED,GET
"Screening API- Get Screening by customerId test",0,get_screening_details,,"b4e4155e-2310-41b8-83d9-442f9ea3ac1e","2020-07-21T14:39:37.678199800",7.0,"2020-07-21T14:39:37.686177",PASSED,GET
"Screening API- Get Screening by customerId test",0,get_screening_details,,"b5882fa3-b2ec-452f-b97e-e76ffe60f653","2020-07-21T14:39:45.661488",5.0,"2020-07-21T14:39:45.667472900",PASSED,GET
"Screening API- Get Screening by customerId test",0,get_screening_details,,"b809bbd8-da1f-4faa-8687-1f23cd4f0ea3","2020-07-27T17:57:01.519221200",680.0,"2020-07-27T17:57:02.199565500",PASSED,GET
"Screening API- Get Screening by customerId test",0,get_screening_details,,"b83d018e-42ab-472c-b2db-0f14a2b4f1ce","2020-07-27T17:38:20.808458600",4448.0,"2020-07-27T17:38:25.257451100",FAILED,GET
"Screening API- Get Screening by customerId test",0,get_screening_details,,"b8a1bc05-9e2b-4f29-9ab1-5259ba4a02a8","2020-07-21T11:31:30.801324200",9.0,"2020-07-21T11:31:30.811297200",PASSED,GET
"Screening API- Get Screening by customerId test",0,get_screening_details,,"baaf164f-11f0-4db9-a231-2c2a7b53e7d8","2020-07-27T17:39:49.806325400",4019.0,"2020-07-27T17:39:53.825423900",FAILED,GET
"Screening API- Get Screening by customerId test",0,get_screening_details,,"bb8f1446-00ea-4b79-adaa-8bdb060b3936","2020-07-27T17:44:50.167120200",4411.0,"2020-07-27T17:44:54.579017800",FAILED,GET
"Screening API- Get Screening by customerId test",0,get_screening_details,,"bc822a55-0968-4914-88f1-30c3728d7a3a","2020-07-21T11:31:38.804677800",5.0,"2020-07-21T11:31:38.810661900",PASSED,GET
"Screening API- Get Screening by customerId test",0,get_screening_details,,"c0b27768-d469-4d66-b3c3-20ecec10a817","2020-07-27T17:44:23.510386800",4289.0,"2020-07-27T17:44:27.799399600",FAILED,GET
"Screening API- Get Screening by customerId test",0,get_screening_details,,"c133dea5-5ac5-4a4c-ba40-02fb3be97bc7","2020-07-27T17:44:37.542259200",4922.0,"2020-07-27T17:44:42.464338600",FAILED,GET
"Screening API- Get Screening by customerId test",0,get_screening_details,,"c21bca45-8e05-4f6e-aa06-bf2044081c99","2020-07-27T18:05:45.275066300",8.0,"2020-07-27T18:05:45.284041400",PASSED,GET
"Screening API- Get Screening by customerId test",0,get_screening_details,,"c2a6b1d8-6cf1-45b5-9052-da9a30e10e29","2020-07-21T14:39:17.723738700",56.0,"2020-07-21T14:39:17.780586200",PASSED,GET
"Screening API- Get Screening by customerId test",0,get_screening_details,,"c2b8036f-c60a-41e9-a1f2-134315c4d267","2020-07-27T17:38:30.874486500",4724.0,"2020-07-27T17:38:35.599421700",FAILED,GET
"Screening API- Get Screening by customerId test",0,get_screening_details,,"c434d982-1c65-4387-bf30-4811a8ee0e38","2020-07-27T17:37:48.458649100",4216.0,"2020-07-27T17:37:52.675180600",FAILED,GET
"Screening API- Get Screening by customerId test",0,get_screening_details,,"c499ce23-2285-4119-a1e1-3468160bd86d","2020-07-27T17:44:05.386619400",4302.0,"2020-07-27T17:44:09.689380700",FAILED,GET
"Screening API- Get Screening by customerId test",0,get_screening_details,,"c56aa6af-4eca-4296-98e5-ec65fef32f89","2020-07-21T11:31:20.804523300",7.0,"2020-07-21T11:31:20.811540900",PASSED,GET
"Screening API- Get Screening by customerId test",0,get_screening_details,,"c5f82883-435c-437a-ab51-5a19d40cc9aa","2020-07-21T17:00:17.584619400",779.0,"2020-07-21T17:00:18.364556600",PASSED,GET
"Screening API- Get Screening by customerId test",0,get_screening_details,,"ca6b7ffb-9208-4142-a44c-acec984b1451","2020-07-27T17:38:04.626682100",4340.0,"2020-07-27T17:38:08.967316800",FAILED,GET
"Screening API- Get Screening by customerId test",0,get_screening_details,,"ca884247-9535-44c9-80c5-d45673130cbb","2020-07-27T17:37:54.457338800",4395.0,"2020-07-27T17:37:58.853135100",FAILED,GET
"Screening API- Get Screening by customerId test",0,get_screening_details,,"cb1db6b4-e0ca-4318-8575-b2b0e7536a07","2020-07-21T11:31:52.819793700",5.0,"2020-07-21T11:31:52.825777600",PASSED,GET
"Screening API- Get Screening by customerId test",0,get_screening_details,,"cd268d36-dd45-40ac-a9cf-3045c5e46259","2020-07-27T18:07:27.612103800",24.0,"2020-07-27T18:07:27.637037500",PASSED,GET
"Screening API- Get Screening by customerId test",0,get_screening_details,,"cd97da9e-6532-411d-ad75-020e9912691b","2020-07-27T17:38:35.017427200",4334.0,"2020-07-27T17:38:39.352361500",FAILED,GET
"Screening API- Get Screening by customerId test",0,get_screening_details,,"cdfc5077-b791-4330-b4e2-6526b616d398","2020-07-27T17:37:58.588701400",4577.0,"2020-07-27T17:38:03.166358600",FAILED,GET
"Screening API- Get Screening by customerId test",0,get_screening_details,,"ce2db6d2-20c4-4908-9f84-9ecfdbefc29b","2020-07-27T18:01:30.378851300",13.0,"2020-07-27T18:01:30.392814300",PASSED,GET
"Screening API- Get Screening by customerId test",0,get_screening_details,,"cfe177d7-ae55-457d-9ae7-8beb669a1eed","2020-07-27T18:05:44.275534600",8.0,"2020-07-27T18:05:44.284526200",PASSED,GET
"Screening API- Get Screening by customerId test",0,get_screening_details,,"d09acb01-4211-447f-b71c-b2b63a3b618c","2020-07-21T11:31:28.813164300",6.0,"2020-07-21T11:31:28.820146800",PASSED,GET
"Screening API- Get Screening by customerId test",0,get_screening_details,,"d0cb0629-b9df-470d-8d5d-2e784ddb6338","2020-07-21T11:32:04.821653800",5.0,"2020-07-21T11:32:04.827637600",PASSED,GET
"Screening API- Get Screening by customerId test",0,get_screening_details,,"d31add48-7509-4051-a7a6-492e609db8bb","2020-07-21T17:00:31.160709400",256.0,"2020-07-21T17:00:31.416738900",PASSED,GET
"Screening API- Get Screening by customerId test",0,get_screening_details,,"d33b4309-677d-4609-ad77-17f03a0077f6","2020-07-27T17:42:03.097538300",4164.0,"2020-07-27T17:42:07.262290800",FAILED,GET
"Screening API- Get Screening by customerId test",0,get_screening_details,,"d542ccf3-6bf6-477f-8444-b8bfd86252a3","2020-07-27T17:38:22.638416800",4565.0,"2020-07-27T17:38:27.204331500",FAILED,GET
"Screening API- Get Screening by customerId test",0,get_screening_details,,"d5bacf47-a229-45a3-a2ca-5b21b73abd14","2020-07-21T14:39:47.667260600",4.0,"2020-07-21T14:39:47.672246900",PASSED,GET
"Screening API- Get Screening by customerId test",0,get_screening_details,,"d612e1b0-e425-4097-a6d8-421d35fead30","2020-07-27T18:05:46.299345300",25.0,"2020-07-27T18:05:46.325277100",PASSED,GET
"Screening API- Get Screening by customerId test",0,get_screening_details,,"d63bd9ef-a877-4b65-af49-48c788190de9","2020-07-27T17:42:02.505706600",4008.0,"2020-07-27T17:42:06.513783600",FAILED,GET
"Screening API- Get Screening by customerId test",0,get_screening_details,,"d69cfd28-c70f-4f4f-957d-5b50c717b174","2020-07-27T17:44:13.735417700",7558.0,"2020-07-27T17:44:21.294411100",FAILED,GET
"Screening API- Get Screening by customerId test",0,get_screening_details,,"d8faf688-e105-4667-aa9f-87ecbdc72ff4","2020-07-21T14:39:43.707806800",12.0,"2020-07-21T14:39:43.720780300",PASSED,GET
"Screening API- Get Screening by customerId test",0,get_screening_details,,"d954c62c-2711-4eaf-89bb-09071fe04ed3","2020-07-27T17:44:43.673351900",4292.0,"2020-07-27T17:44:47.966188700",FAILED,GET
"Screening API- Get Screening by customerId test",0,get_screening_details,,"dbfd5cf8-cac9-4c6b-aa47-290e722e40cd","2020-07-21T14:39:49.662969900",8.0,"2020-07-21T14:39:49.671945500",PASSED,GET
"Screening API- Get Screening by customerId test",0,get_screening_details,,"dd2524d2-8f75-4ff8-bb59-26ab5b3bb0e1","2020-07-21T11:31:26.798506100",6.0,"2020-07-21T11:31:26.805455300",PASSED,GET
"Screening API- Get Screening by customerId test",0,get_screening_details,,"dda018b8-7d67-4a86-aa3b-fd3c4f935709","2020-07-21T11:31:50.824183",5.0,"2020-07-21T11:31:50.830167100",PASSED,GET
"Screening API- Get Screening by customerId test",0,get_screening_details,,"df2a20ae-f4c1-4aa9-a5be-d0786f8d3303","2020-07-27T17:40:13.034238900",4009.0,"2020-07-27T17:40:17.044127700",FAILED,GET
"Screening API- Get Screening by customerId test",0,get_screening_details,,"e3027b94-fb0d-40e9-a015-2ab92bd54666","2020-07-27T17:54:46.612413300",4576.0,"2020-07-27T17:54:51.188823100",FAILED,GET
"Screening API- Get Screening by customerId test",0,get_screening_details,,"e393434a-65c5-4f50-af58-55fbd73d3f4c","2020-07-27T17:44:21.847445600",4219.0,"2020-07-27T17:44:26.067291100",FAILED,GET
"Screening API- Get Screening by customerId test",0,get_screening_details,,"e4cda992-894e-47a3-9f75-5bdda0e4dca0","2020-07-27T18:07:26.680086300",10.0,"2020-07-27T18:07:26.691057200",PASSED,GET
"Screening API- Get Screening by customerId test",0,get_screening_details,,"e6dfbc56-36bd-4524-958b-d742fc449171","2020-07-27T17:59:57.684133900",13.0,"2020-07-27T17:59:57.698095100",PASSED,GET
"Screening API- Get Screening by customerId test",0,get_screening_details,,"e757fde2-d9fd-4886-aa68-ac0817a45d65","2020-07-27T17:37:50.654579",4301.0,"2020-07-27T17:37:54.956355",FAILED,GET
"Screening API- Get Screening by customerId test",0,get_screening_details,,"e91e094a-cf52-4d44-ab10-966fb6ba7b7d","2020-07-21T14:39:29.650564800",5.0,"2020-07-21T14:39:29.656549",PASSED,GET
"Screening API- Get Screening by customerId test",0,get_screening_details,,"ea5df5ac-00c5-489e-b756-24d6e4d5ff8f","2020-07-21T17:00:23.046446300",271.0,"2020-07-21T17:00:23.318317600",PASSED,GET
"Screening API- Get Screening by customerId test",0,get_screening_details,,"eef6607f-ae71-4e32-a828-f054973262da","2020-07-21T11:32:12.844203600",3.0,"2020-07-21T11:32:12.848195700",PASSED,GET
"Screening API- Get Screening by customerId test",0,get_screening_details,,"ef2d2340-84bf-4275-b57b-6458c5af4cd2","2020-07-27T17:42:32.173508400",4575.0,"2020-07-27T17:42:36.748842300",FAILED,GET
"Screening API- Get Screening by customerId test",0,get_screening_details,,"ef5ea3be-dbda-46e4-b7a8-2eb8edaecfe9","2020-07-27T17:44:41.593364300",4318.0,"2020-07-27T17:44:45.911486800",FAILED,GET
"Screening API- Get Screening by customerId test",0,get_screening_details,,"f06781e3-8d43-44cf-8d2c-ae03c6297b87","2020-07-27T18:01:30.100595700",11.0,"2020-07-27T18:01:30.112564200",PASSED,GET
"Screening API- Get Screening by customerId test",0,get_screening_details,,"f1b30967-9ea0-4b42-bc45-9fab070789f2","2020-07-27T17:54:48.306353700",4016.0,"2020-07-27T17:54:52.323320600",FAILED,GET
"Screening API- Get Screening by customerId test",0,get_screening_details,,"f216bbd1-70af-4d65-b22a-f703d09818ef","2020-07-27T17:44:01.464321900",4230.0,"2020-07-27T17:44:05.694428400",FAILED,GET
"Screening API- Get Screening by customerId test",0,get_screening_details,,"f23acb51-88c4-45d8-b1d6-0cf9e095d8f4","2020-07-27T17:44:03.349376600",5925.0,"2020-07-27T17:44:09.274376800",FAILED,GET
"Screening API- Get Screening by customerId test",0,get_screening_details,,"f3ef6dac-ae96-4021-8fc3-97e8f4f6362f","2020-07-21T11:31:48.812581",8.0,"2020-07-21T11:31:48.821563100",PASSED,GET
"Screening API- Get Screening by customerId test",0,get_screening_details,,"f8ceadb2-b714-4df1-96d4-578366ff1b18","2020-07-21T17:00:25.412535100",204.0,"2020-07-21T17:00:25.617404400",PASSED,GET
"Screening API- Get Screening by customerId test",0,get_screening_details,,"f94e92ac-faf9-4fb4-9aa6-fc581f61add6","2020-07-21T14:39:19.692460200",43.0,"2020-07-21T14:39:19.736345700",PASSED,GET
"Screening API- Get Screening by customerId test",0,get_screening_details,,"fa91fd1e-7b4a-40cb-a2ed-d0593c6dc866","2020-07-21T11:31:32.809132900",5.0,"2020-07-21T11:31:32.815116700",PASSED,GET
"Screening API- Get Screening by customerId test",0,get_screening_details,,"faaa1ad4-7aa9-475e-bc92-29707c4c887a","2020-07-21T14:39:51.664945900",5.0,"2020-07-21T14:39:51.670930700",PASSED,GET
"Screening API- Get Screening by customerId test",0,get_screening_details,,"faf736bf-8a35-48ca-9707-d8538f631d57","2020-07-27T17:42:02.897537600",4095.0,"2020-07-27T17:42:06.993500600",FAILED,GET
"Screening API- Get Screening by customerId test",0,get_screening_details,,"fc0af49e-93ca-45c9-a02c-dc2d54671fbc","2020-07-27T17:41:41.512210700",4011.0,"2020-07-27T17:41:45.523652300",FAILED,GET
"Screening API- Get Screening by customerId test",0,get_screening_details,,"fc8312a5-2692-4201-9445-5280135bbebd","2020-07-21T14:40:07.672016",7.0,"2020-07-21T14:40:07.679965500",PASSED,GET
"Screening API- Get Screening by customerId test",0,get_screening_details,,"fcff668e-19d5-4d61-beb7-feb246413ce2","2020-07-21T11:32:02.820698300",4.0,"2020-07-21T11:32:02.825684800",PASSED,GET
"Screening API- Get Screening by customerId test",0,get_screening_details,,"fe1a3a9c-def5-4c42-8f2f-ae990d2f12be","2020-07-21T14:39:59.676363600",7.0,"2020-07-21T14:39:59.684328300",PASSED,GET
"Screening API- Get Screening by customerId test",0,get_screening_details,,"ff9553fb-030e-46a3-91c7-2a617a50056d","2020-07-21T11:32:10.835587600",4.0,"2020-07-21T11:32:10.840574400",PASSED,GET
